CursoCursado_ID;CursoCursado_Calificacion;CursoCursado_EstadoProgreso;CursoCursado_FechaFin;CursoCursado_HorasTotales;
10001;100;Aprobado (Virtual);28/12/2020 22:49:18 Am‚rica/Nueva York;2.00;
10002;100;Aprobado (Virtual);25/11/2020 11:50:59 Am‚rica/Nueva York;0.33;
10003;100;Aprobado (Virtual);17/7/2019 13:03:04 Am‚rica/Nueva York;0.75;
10004;100;Aprobado (Virtual);9/8/2019 09:24:45 Am‚rica/Nueva York;1.00;
10005;100;Aprobado (Virtual);25/10/2019 12:51:43 Am‚rica/Nueva York;2.00;
10006;100;Aprobado (Virtual);9/9/2021 12:55:21 Am‚rica/Nueva York;0.30;
10007;100;Aprobado (Virtual);9/7/2019 10:29:19 Am‚rica/Nueva York;1.50;
10008;100;Aprobado (Virtual);22/12/2021 16:47:05 Am‚rica/Nueva York;0.50;
10009;100;Aprobado (Virtual);14/8/2019 14:57:33 Am‚rica/Nueva York;1.00;
10010;100;Aprobado (Virtual);13/8/2020 09:06:53 Am‚rica/Nueva York;1.00;
10011;100;Aprobado (Pres);6/11/2019 15:50:00 Am‚rica/Nueva York;2.00;
10012;75;No Aprobado (Virtual);18/7/2019 10:15:00 Am‚rica/Nueva York;0.75;
10013;88;Aprobado (Virtual);18/7/2019 10:53:16 Am‚rica/Nueva York;0.75;
10014;;Aprobado (Virtual);10/7/2019 11:18:09 Am‚rica/Nueva York;0.30;
10015;;Aprobado (Virtual);14/8/2019 11:14:59 Am‚rica/Nueva York;0.50;
10016;;Aprobado (Virtual);14/8/2019 11:23:43 Am‚rica/Nueva York;0.50;
10017;;Aprobado (Virtual);14/8/2019 11:51:34 Am‚rica/Nueva York;0.50;
10018;;Aprobado (Virtual);11/6/2020 01:42:57 Am‚rica/Nueva York;0.50;
10019;;Aprobado (Virtual);27/7/2021 11:39:56 Am‚rica/Nueva York;0.80;
10020;91;Aprobado (Virtual);11/6/2020 02:04:16 Am‚rica/Nueva York;0.50;
10021;;Aprobado (Virtual);12/12/2020 01:52:10 Am‚rica/Nueva York;0.75;
10022;83;Aprobado (Virtual);14/8/2019 11:57:29 Am‚rica/Nueva York;0.50;
10023;93;Aprobado (Virtual);4/6/2020 18:03:26 Am‚rica/Nueva York;2.00;
10024;88;Aprobado (Virtual);10/7/2019 12:12:54 Am‚rica/Nueva York;1.00;
10025;71;No Aprobado (Virtual);17/4/2020 19:40:56 Am‚rica/Nueva York;1.00;
10026;86;Aprobado (Virtual);17/4/2020 19:50:17 Am‚rica/Nueva York;1.00;
10027;;Aprobado (Virtual);14/8/2019 10:53:04 Am‚rica/Nueva York;1.00;
10028;0;No Aprobado (Virtual);12/12/2020 00:58:06 Am‚rica/Nueva York;2.00;
10029;100;Aprobado (Virtual);6/7/2020 09:00:00 Am‚rica/Nueva York;1.50;
10030;100;Aprobado (Virtual);9/4/2020 09:00:00 Am‚rica/Nueva York;1.50;
10031;100;Aprobado (Virtual);6/10/2020 10:37:00 Am‚rica/Nueva York;1.00;
10032;100;Aprobado (Virtual);28/7/2021 16:59:16 Am‚rica/Nueva York;4.00;
10033;100;Aprobado (Virtual);5/8/2020 17:00:00 Am‚rica/Nueva York;2.00;
10034;100;Aprobado (Virtual);24/9/2020 17:00:00 Am‚rica/Nueva York;2.00;
10035;100;Aprobado (Virtual);5/11/2020 17:00:00 Am‚rica/Nueva York;2.00;
10036;100;Aprobado (Virtual);29/5/2020 17:00:00 Am‚rica/Nueva York;36.00;
10037;100;Aprobado (Pres);3/12/2021 07:30:00 Am‚rica/Nueva York;2.00;
10038;;Aprobado (Virtual);24/2/2020 13:58:04 Am‚rica/Nueva York;0.50;
10039;100;Aprobado (Virtual);6/8/2020 11:00:00 Am‚rica/Nueva York;2.00;
;;;;;
10041;100;Aprobado (Virtual);2/9/2022 19:21:24 Am‚rica/Nueva York;0.50;
10042;;Aprobado (Virtual);2/9/2022 19:44:13 Am‚rica/Nueva York;0.50;
10043;100;Aprobado (Virtual);26/9/2022 10:15:28 Am‚rica/Nueva York;4.00;
10044;83;Aprobado (Virtual);14/12/2022 23:53:29 Am‚rica/Nueva York;0.50;
10045;;Aprobado (Virtual);15/12/2022 00:16:13 Am‚rica/Nueva York;0.26;
10046;80;Aprobado (Virtual);17/12/2022 00:17:25 Am‚rica/Nueva York;0.50;
10047;100;Aprobado (Virtual);19/12/2022 10:36:24 Am‚rica/Nueva York;0.50;
10048;100;Aprobado (Virtual);19/12/2022 11:47:50 Am‚rica/Nueva York;1.00;
10049;;Aprobado (Virtual);23/2/2023 09:24:19 Am‚rica/Nueva York;0.08;
10050;92;Aprobado (Virtual);23/2/2023 15:27:07 Am‚rica/Nueva York;0.50;
10051;100;Aprobado (Virtual);30/4/2020 12:00:00 Am‚rica/Nueva York;1.00;
10052;100;Aprobado (Virtual);3/6/2020 12:00:00 Am‚rica/Nueva York;1.00;
10053;100;Aprobado (Virtual);23/4/2020 12:00:00 Am‚rica/Nueva York;1.00;
10054;100;Aprobado (Virtual);27/5/2020 12:00:00 Am‚rica/Nueva York;1.00;
10055;100;Aprobado (Virtual);24/6/2020 12:00:00 Am‚rica/Nueva York;1.00;
10056;100;Aprobado (Virtual);1/7/2020 12:00:00 Am‚rica/Nueva York;1.00;
10057;100;Aprobado (Virtual);21/5/2020 12:00:00 Am‚rica/Nueva York;1.00;
10058;100;Aprobado (Virtual);10/6/2020 12:00:00 Am‚rica/Nueva York;1.00;
10059;100;Aprobado (Virtual);15/7/2019 16:53:47 Am‚rica/Nueva York;1.00;
10060;100;Aprobado (Virtual);17/12/2021 11:09:48 Am‚rica/Nueva York;0.66;
10061;100;Aprobado (Virtual);28/6/2020 10:32:13 Am‚rica/Nueva York;2.00;
10062;100;Aprobado (Virtual);19/12/2020 14:08:34 Am‚rica/Nueva York;0.33;
10063;100;Aprobado (Virtual);1/9/2019 22:22:47 Am‚rica/Nueva York;0.50;
10064;100;Aprobado (Virtual);12/9/2019 20:29:45 Am‚rica/Nueva York;0.75;
10065;100;Aprobado (Virtual);12/9/2019 19:58:57 Am‚rica/Nueva York;1.00;
10066;100;Aprobado (Virtual);13/12/2019 14:07:32 Am‚rica/Nueva York;2.00;
10067;100;Aprobado (Virtual);11/7/2019 18:24:33 Am‚rica/Nueva York;1.50;
10068;100;Aprobado (Virtual);3/10/2021 20:53:55 Am‚rica/Nueva York;0.30;
10069;100;Aprobado (Virtual);15/7/2019 12:37:06 Am‚rica/Nueva York;1.00;
10070;100;Aprobado (Virtual);5/7/2019 17:01:28 Am‚rica/Nueva York;1.00;
10071;100;Aprobado (Virtual);1/9/2019 20:34:05 Am‚rica/Nueva York;1.00;
10072;100;Aprobado (Pres);15/10/2021 13:00:00 Am‚rica/Nueva York;57.00;
10073;100;Aprobado (Pres);15/10/2021 13:00:00 Am‚rica/Nueva York;103.50;
10074;100;Aprobado (Pres);24/11/2020 12:00:00 Am‚rica/Nueva York;51.00;
10075;100;Aprobado (Pres);20/11/2020 12:00:00 Am‚rica/Nueva York;49.50;
10076;100;Aprobado (Pres);28/5/2021 13:00:00 Am‚rica/Nueva York;52.50;
10077;100;Aprobado (Pres);28/5/2021 13:00:00 Am‚rica/Nueva York;81.00;
10078;100;Aprobado (Pres);27/8/2019 16:50:00 Am‚rica/Nueva York;4.00;
10079;100;Aprobado (Pres);14/1/2019 12:00:00 Am‚rica/Nueva York;2.00;
10080;100;Aprobado (Pres);30/7/2020 12:00:00 Am‚rica/Nueva York;13.50;
10081;100;Aprobado (Pres);30/7/2020 12:00:00 Am‚rica/Nueva York;7.50;
10082;50;No Aprobado (Virtual);30/9/2020 20:53:46 Am‚rica/Nueva York;0.75;
10083;88;Aprobado (Virtual);30/9/2020 21:11:25 Am‚rica/Nueva York;0.75;
10084;;Aprobado (Virtual);15/7/2019 15:40:02 Am‚rica/Nueva York;0.30;
10085;;Aprobado (Virtual);1/9/2019 21:56:24 Am‚rica/Nueva York;0.50;
10086;;Aprobado (Virtual);1/9/2019 22:06:04 Am‚rica/Nueva York;0.50;
10087;;Aprobado (Virtual);1/9/2019 22:18:08 Am‚rica/Nueva York;0.50;
10088;;Aprobado (Virtual);28/6/2020 11:05:45 Am‚rica/Nueva York;0.50;
10089;;Aprobado (Virtual);17/8/2021 16:41:04 Am‚rica/Nueva York;0.80;
10090;91;Aprobado (Virtual);28/6/2020 11:31:10 Am‚rica/Nueva York;0.50;
10091;;Aprobado (Virtual);19/12/2020 13:15:00 Am‚rica/Nueva York;0.75;
10092;99;Aprobado (Virtual);13/5/2020 19:43:20 Am‚rica/Nueva York;2.00;
10093;;Aprobado (Virtual);19/12/2020 15:10:42 Am‚rica/Nueva York;0.50;
10094;80;Aprobado (Virtual);17/12/2021 10:37:33 Am‚rica/Nueva York;0.50;
10095;88;Aprobado (Virtual);13/7/2019 11:45:42 Am‚rica/Nueva York;1.50;
10096;92;Aprobado (Virtual);17/12/2021 15:13:58 Am‚rica/Nueva York;0.50;
10097;;Aprobado (Virtual);28/6/2020 11:42:43 Am‚rica/Nueva York;0.50;
10098;86;Aprobado (Virtual);19/12/2020 15:07:55 Am‚rica/Nueva York;1.00;
10099;;Aprobado (Virtual);14/7/2019 22:46:09 Am‚rica/Nueva York;0.50;
10100;;Aprobado (Virtual);30/9/2020 19:46:13 Am‚rica/Nueva York;1.00;
10101;;Aprobado (Virtual);19/12/2020 14:21:58 Am‚rica/Nueva York;1.00;
10102;;Aprobado (Virtual);30/9/2020 18:46:21 Am‚rica/Nueva York;1.00;
10103;;Aprobado (Virtual);30/9/2020 20:29:53 Am‚rica/Nueva York;1.00;
10104;100;Aprobado (Virtual);17/2/2021 15:50:07 Am‚rica/Nueva York;1.50;
10105;100;Aprobado (Virtual);14/4/2021 11:15:35 Am‚rica/Nueva York;1.50;
10106;100;Aprobado (Virtual);4/3/2021 16:35:01 Am‚rica/Nueva York;1.50;
10107;100;Aprobado (Virtual);17/2/2021 15:30:00 Am‚rica/Nueva York;1.50;
10108;100;Aprobado (Virtual);4/3/2021 17:00:00 Am‚rica/Nueva York;1.50;
10109;100;Aprobado (Virtual);18/3/2021 17:00:00 Am‚rica/Nueva York;1.50;
10110;100;Aprobado (Virtual);18/3/2021 10:54:43 Am‚rica/Nueva York;1.50;
10111;100;Aprobado (Virtual);12/3/2021 11:52:53 Am‚rica/Nueva York;6.00;
10112;100;Aprobado (Virtual);1/6/2021 12:58:44 Am‚rica/Nueva York;20.00;
10113;100;Aprobado (Pres);31/8/2020 13:00:00 Am‚rica/Nueva York;6.00;
10114;100;Aprobado (Pres);31/8/2020 13:00:00 Am‚rica/Nueva York;12.00;
10115;100;Aprobado (Virtual);8/9/2020 13:40:06 Am‚rica/Nueva York;2.00;
10116;100;Aprobado (Virtual);1/10/2020 17:31:29 Am‚rica/Nueva York;2.00;
10117;100;Aprobado (Virtual);10/11/2020 16:52:58 Am‚rica/Nueva York;2.00;
10118;100;Aprobado (Virtual);5/11/2020 16:36:00 Am‚rica/Nueva York;4.00;
10119;0;Aprobado (Virtual);17/2/2021 17:04:02 Am‚rica/Nueva York;50.00;
10120;67%;Aprobado (Virtual);26/8/2020 08:00:00 Am‚rica/Nueva York;0.49;
10121;100;Aprobado (Pres);28/10/2021 08:04:01 Am‚rica/Nueva York;2.00;
10122;100;Aprobado (Virtual);28/10/2021 11:00:00 Am‚rica/Nueva York;2.00;
10123;100;Aprobado (Virtual);19/11/2021 10:00:00 Am‚rica/Nueva York;2.00;
10124;100;Aprobado (Virtual);26/11/2021 10:00:00 Am‚rica/Nueva York;2.00;
10125;100;Aprobado (Virtual);3/12/2021 10:00:00 Am‚rica/Nueva York;2.00;
10126;100;Aprobado (Virtual);9/7/2020 12:00:00 Am‚rica/Nueva York;1.00;
10127;86;Aprobado (Virtual);11/5/2022 14:45:10 Am‚rica/Nueva York;0.50;
10128;100;Aprobado (Pres);30/4/2022 12:00:00 Am‚rica/Nueva York;15.00;
10129;100;Aprobado (Pres);30/4/2022 13:00:00 Am‚rica/Nueva York;3.00;
10130;100;Aprobado (Pres);30/4/2022 13:00:00 Am‚rica/Nueva York;15.00;
10131;100;Aprobado (Pres);30/5/2022 13:00:00 Am‚rica/Nueva York;13.50;
10132;100;Aprobado (Pres);30/5/2022 13:00:00 Am‚rica/Nueva York;6.00;
10133;100;Aprobado (Pres);30/6/2022 13:00:00 Am‚rica/Nueva York;15.00;
10134;100;Aprobado (Pres);30/6/2022 14:00:00 Am‚rica/Nueva York;6.00;
10135;100;Aprobado (Virtual);26/8/2022 16:44:07 Am‚rica/Nueva York;0.50;
10136;100;Aprobado (Pres);30/7/2022 18:00:00 Am‚rica/Nueva York;7.50;
10137;100;Aprobado (Pres);30/7/2022 18:00:00 Am‚rica/Nueva York;4.50;
10138;100;Aprobado (Pres);16/9/2022 11:00:00 Am‚rica/Nueva York;3.00;
10139;100;Aprobado (Pres);30/8/2022 12:30:00 Am‚rica/Nueva York;4.50;
10140;100;Aprobado (Pres);30/8/2022 12:31:00 Am‚rica/Nueva York;1.50;
10141;100;Aprobado (Virtual);11/11/2022 12:10:52 Am‚rica/Nueva York;0.50;
10142;100;Aprobado (Pres);30/10/2022 06:00:00 Am‚rica/Nueva York;9.00;
10143;100;Aprobado (Pres);30/10/2022 06:00:00 Am‚rica/Nueva York;3.00;
10144;100;Aprobado (Virtual);6/12/2022 18:45:18 Am‚rica/Nueva York;0.50;
10145;100;Aprobado (Pres);30/11/2022 02:00:00 Am‚rica/Nueva York;7.50;
10146;100;Aprobado (Pres);30/11/2022 02:30:00 Am‚rica/Nueva York;3.00;
10147;100;Aprobado (Pres);16/8/2022 17:12:29 Am‚rica/Nueva York;8.00;
10148;100;Aprobado (Virtual);30/12/2022 10:49:54 Am‚rica/Nueva York;1.00;
10149;100;Aprobado (Virtual);30/12/2022 11:31:28 Am‚rica/Nueva York;0.50;
10150;80;Aprobado (Virtual);30/12/2022 13:49:25 Am‚rica/Nueva York;0.50;
10151;;Aprobado (Virtual);30/12/2022 13:55:49 Am‚rica/Nueva York;0.26;
10152;100;Aprobado (Virtual);28/12/2020 15:59:56 Am‚rica/Nueva York;2.00;
10153;100;Aprobado (Virtual);28/12/2020 16:50:25 Am‚rica/Nueva York;0.33;
10154;100;Aprobado (Virtual);4/9/2019 10:40:05 Am‚rica/Nueva York;0.75;
10155;100;Aprobado (Virtual);1/11/2019 12:38:14 Am‚rica/Nueva York;1.00;
10156;100;Aprobado (Virtual);1/11/2019 12:03:15 Am‚rica/Nueva York;2.00;
10157;100;Aprobado (Virtual);29/12/2019 23:01:50 Am‚rica/Nueva York;1.50;
10158;100;Aprobado (Virtual);9/10/2019 18:23:27 Am‚rica/Nueva York;1.00;
10159;100;Aprobado (Virtual);30/12/2021 11:11:36 Am‚rica/Nueva York;0.50;
10160;100;Aprobado (Virtual);28/12/2020 18:11:20 Am‚rica/Nueva York;1.00;
10161;100;Aprobado (Virtual);27/12/2019 16:51:50 Am‚rica/Nueva York;1.00;
10162;100;Aprobado (Virtual);28/12/2020 18:50:54 Am‚rica/Nueva York;2.00;
10163;100;Aprobado (Virtual);29/12/2020 09:40:45 Am‚rica/Nueva York;2.00;
10164;100;Aprobado (Virtual);30/12/2020 10:58:39 Am‚rica/Nueva York;2.00;
10165;100;Aprobado (Pres);7/11/2019 15:50:00 Am‚rica/Nueva York;2.00;
10166;100;Aprobado (Pres);11/12/2019 15:50:00 Am‚rica/Nueva York;16.00;
10167;75;No Aprobado (Virtual);30/12/2020 11:36:40 Am‚rica/Nueva York;0.75;
10168;75;No Aprobado (Virtual);30/12/2020 12:02:28 Am‚rica/Nueva York;0.75;
10169;;Aprobado (Virtual);9/10/2019 16:57:36 Am‚rica/Nueva York;0.30;
10170;;Aprobado (Virtual);26/8/2020 08:55:02 Am‚rica/Nueva York;0.50;
10171;;Aprobado (Virtual);7/9/2021 11:44:14 Am‚rica/Nueva York;0.80;
10172;82;Aprobado (Virtual);26/8/2020 11:52:56 Am‚rica/Nueva York;0.50;
10173;;Aprobado (Virtual);28/12/2020 11:04:13 Am‚rica/Nueva York;0.75;
10174;93;Aprobado (Virtual);28/12/2020 15:18:30 Am‚rica/Nueva York;2.00;
10175;;Aprobado (Virtual);28/12/2020 17:27:19 Am‚rica/Nueva York;0.50;
10176;;Aprobado (Virtual);28/12/2020 17:26:24 Am‚rica/Nueva York;0.50;
10177;30;No Aprobado (Virtual);28/12/2020 18:08:17 Am‚rica/Nueva York;1.00;
10178;;Aprobado (Virtual);28/12/2020 17:23:51 Am‚rica/Nueva York;0.50;
10179;60;No Aprobado (Virtual);5/9/2019 17:01:38 Am‚rica/Nueva York;1.50;
10180;83;Aprobado (Virtual);9/10/2019 16:21:09 Am‚rica/Nueva York;1.00;
10181;0;No Aprobado (Virtual);29/12/2020 09:37:19 Am‚rica/Nueva York;2.00;
10182;100;Aprobado (Virtual);10/4/2020 09:00:00 Am‚rica/Nueva York;1.50;
10183;100;Aprobado (Pres);26/8/2021 12:00:00 Am‚rica/Nueva York;45.00;
10184;100;Aprobado (Pres);30/11/2021 10:59:51 Am‚rica/Nueva York;44.00;
10185;100;Aprobado (Virtual);7/5/2021 19:15:43 Am‚rica/Nueva York;2.00;
10186;100;Aprobado (Virtual);21/5/2021 16:48:13 Am‚rica/Nueva York;2.00;
10187;100;Aprobado (Virtual);15/10/2020 12:00:00 Am‚rica/Nueva York;1.00;
10188;100;Aprobado (Virtual);15/10/2020 11:00:00 Am‚rica/Nueva York;1.00;
10189;100;Aprobado (Pres);11/3/2022 13:51:32 Am‚rica/Nueva York;36.00;
10190;100;Aprobado (Pres);31/3/2022 10:41:09 Am‚rica/Nueva York;4.00;
10191;100;Aprobado (Virtual);29/7/2021 19:18:12 Am‚rica/Nueva York;1.50;
10192;100;Aprobado (Virtual);28/2/2022 12:00:00 Am‚rica/Nueva York;42.75;
10193;100;Aprobado (Pres);29/3/2022 10:53:27 Am‚rica/Nueva York;3.00;
10194;100;Aprobado (Pres);30/5/2022 13:00:00 Am‚rica/Nueva York;10.50;
10195;100;Aprobado (Pres);30/6/2022 13:00:00 Am‚rica/Nueva York;6.75;
10196;100;Aprobado (Pres);22/6/2022 07:05:00 Am‚rica/Nueva York;1.00;
10197;100;Aprobado (Virtual);29/12/2022 09:33:03 Am‚rica/Nueva York;1.00;
10198;100;Aprobado (Virtual);29/12/2022 09:58:01 Am‚rica/Nueva York;0.50;
10199;83;Aprobado (Virtual);30/12/2022 08:44:32 Am‚rica/Nueva York;0.50;
10200;;Aprobado (Virtual);30/12/2022 08:49:31 Am‚rica/Nueva York;0.26;
10201;100;Aprobado (Virtual);30/12/2022 09:31:38 Am‚rica/Nueva York;0.50;
10202;100;Aprobado (Virtual);30/12/2022 12:52:04 Am‚rica/Nueva York;0.50;
10203;80;Aprobado (Virtual);30/12/2022 13:06:46 Am‚rica/Nueva York;0.50;
10204;100;Aprobado (Virtual);30/12/2021 11:46:24 Am‚rica/Nueva York;0.66;
10205;100;Aprobado (Virtual);29/12/2020 09:29:38 Am‚rica/Nueva York;2.00;
10206;100;Aprobado (Virtual);9/7/2019 16:48:14 Am‚rica/Nueva York;0.50;
10207;100;Aprobado (Virtual);5/7/2019 16:02:02 Am‚rica/Nueva York;0.75;
10208;100;Aprobado (Virtual);5/11/2019 16:05:28 Am‚rica/Nueva York;2.00;
10209;100;Aprobado (Virtual);30/9/2021 10:39:28 Am‚rica/Nueva York;0.30;
10210;100;Aprobado (Virtual);25/6/2019 17:31:19 Am‚rica/Nueva York;1.00;
10211;100;Aprobado (Virtual);24/6/2019 14:46:52 Am‚rica/Nueva York;1.00;
10212;100;Aprobado (Virtual);14/8/2019 12:41:30 Am‚rica/Nueva York;0.50;
10213;100;Aprobado (Pres);8/11/2019 15:50:00 Am‚rica/Nueva York;40.00;
10214;100;Aprobado (Pres);4/2/2019 12:00:00 Am‚rica/Nueva York;2.00;
10215;75;No Aprobado (Virtual);25/6/2019 18:36:49 Am‚rica/Nueva York;0.75;
10216;75;No Aprobado (Virtual);12/7/2019 10:32:18 Am‚rica/Nueva York;0.75;
10217;50;No Aprobado (Virtual);25/6/2019 18:10:19 Am‚rica/Nueva York;0.75;
10218;25;No Aprobado (Virtual);10/7/2019 18:22:17 Am‚rica/Nueva York;0.75;
10219;88;Aprobado (Virtual);12/7/2019 10:49:09 Am‚rica/Nueva York;0.75;
10220;;Aprobado (Virtual);2/7/2019 18:05:18 Am‚rica/Nueva York;0.30;
10221;;Aprobado (Virtual);9/7/2019 16:14:47 Am‚rica/Nueva York;0.50;
10222;;Aprobado (Virtual);9/7/2019 16:23:12 Am‚rica/Nueva York;0.50;
10223;;Aprobado (Virtual);9/7/2019 16:37:29 Am‚rica/Nueva York;0.50;
10224;;Aprobado (Virtual);12/8/2020 22:48:30 Am‚rica/Nueva York;0.50;
10225;;Aprobado (Virtual);26/8/2021 13:07:32 Am‚rica/Nueva York;0.80;
10226;91;Aprobado (Virtual);12/8/2020 23:07:07 Am‚rica/Nueva York;0.50;
10227;;Aprobado (Virtual);28/12/2020 16:40:30 Am‚rica/Nueva York;0.75;
10228;93;Aprobado (Virtual);15/10/2020 12:02:57 Am‚rica/Nueva York;2.00;
10229;73;No Aprobado (Virtual);14/10/2020 13:17:17 Am‚rica/Nueva York;2.00;
10230;80;Aprobado (Virtual);30/12/2021 09:39:07 Am‚rica/Nueva York;0.50;
10231;86;Aprobado (Virtual);24/6/2019 13:25:17 Am‚rica/Nueva York;1.50;
10232;87;Aprobado (Virtual);9/7/2019 10:33:06 Am‚rica/Nueva York;1.00;
10233;88;Aprobado (Virtual);5/7/2019 14:52:17 Am‚rica/Nueva York;1.00;
10234;92;Aprobado (Virtual);3/1/2022 13:05:41 Am‚rica/Nueva York;0.50;
10235;80;Aprobado (Virtual);29/12/2020 10:43:44 Am‚rica/Nueva York;0.33;
10236;;Aprobado (Virtual);25/6/2019 17:45:06 Am‚rica/Nueva York;0.50;
10237;80;Aprobado (Virtual);2/7/2019 17:49:32 Am‚rica/Nueva York;1.50;
10238;;Aprobado (Virtual);26/8/2021 13:01:57 Am‚rica/Nueva York;1.00;
10239;96;Aprobado (Virtual);24/6/2019 14:12:33 Am‚rica/Nueva York;1.00;
10240;;Aprobado (Virtual);20/4/2021 12:18:43 Am‚rica/Nueva York;1.00;
10241;;Aprobado (Virtual);26/8/2021 13:57:48 Am‚rica/Nueva York;1.00;
10242;;Aprobado (Virtual);5/7/2019 15:39:02 Am‚rica/Nueva York;1.00;
10243;60;No Aprobado (Virtual);12/7/2019 12:00:17 Am‚rica/Nueva York;0.50;
10244;60;No Aprobado (Virtual);14/8/2019 12:35:41 Am‚rica/Nueva York;0.50;
10245;100;Aprobado (Virtual);17/5/2022 16:04:35 Am‚rica/Nueva York;1.00;
10246;70;No Aprobado (Virtual);29/8/2022 18:52:00 Am‚rica/Nueva York;1.00;
10247;86;Aprobado (Virtual);5/12/2022 09:30:24 Am‚rica/Nueva York;0.50;
10248;100;Aprobado (Virtual);6/12/2022 12:13:57 Am‚rica/Nueva York;0.50;
10249;100;Aprobado (Virtual);6/12/2022 13:46:38 Am‚rica/Nueva York;0.50;
10250;83;Aprobado (Virtual);13/12/2022 08:46:35 Am‚rica/Nueva York;0.50;
10251;100;Aprobado (Virtual);16/12/2022 16:58:31 Am‚rica/Nueva York;1.00;
10252;100;Aprobado (Virtual);16/12/2022 17:44:33 Am‚rica/Nueva York;0.50;
10253;100;Aprobado (Virtual);16/12/2022 19:47:51 Am‚rica/Nueva York;0.50;
10254;80;Aprobado (Virtual);18/12/2022 21:08:38 Am‚rica/Nueva York;0.50;
10255;;Aprobado (Virtual);18/12/2022 21:28:29 Am‚rica/Nueva York;0.26;
10256;100;Aprobado (Pres);14/7/2022 17:19:00 Am‚rica/Nueva York;16.00;
10257;100;Aprobado (Virtual);17/7/2020 16:05:30 Am‚rica/Nueva York;2.00;
10258;100;Aprobado (Virtual);16/2/2022 08:49:43 Am‚rica/Nueva York;0.30;
10259;100;Aprobado (Virtual);26/6/2019 06:03:50 Am‚rica/Nueva York;1.00;
10260;100;Aprobado (Virtual);27/8/2019 16:52:34 Am‚rica/Nueva York;1.00;
10261;100;Aprobado (Virtual);9/7/2019 10:25:33 Am‚rica/Nueva York;0.75;
10262;;Aprobado (Virtual);17/7/2020 16:36:07 Am‚rica/Nueva York;0.30;
10263;;Aprobado (Virtual);17/7/2020 16:27:52 Am‚rica/Nueva York;0.50;
10264;91;Aprobado (Virtual);15/8/2020 10:45:54 Am‚rica/Nueva York;0.50;
10265;;Aprobado (Virtual);27/1/2021 08:48:11 Am‚rica/Nueva York;0.75;
10266;87;Aprobado (Virtual);6/6/2020 12:23:04 Am‚rica/Nueva York;2.00;
10267;;Aprobado (Virtual);15/8/2020 11:52:09 Am‚rica/Nueva York;0.50;
10268;;Aprobado (Virtual);15/8/2020 10:16:46 Am‚rica/Nueva York;0.50;
10269;80;Aprobado (Virtual);1/3/2021 07:26:50 Am‚rica/Nueva York;0.33;
10270;;Aprobado (Virtual);15/8/2020 11:48:26 Am‚rica/Nueva York;0.50;
10271;;Aprobado (Virtual);15/8/2020 13:20:30 Am‚rica/Nueva York;1.00;
10272;;Aprobado (Virtual);15/8/2020 11:44:45 Am‚rica/Nueva York;1.00;
10273;;Aprobado (Virtual);15/8/2020 12:35:23 Am‚rica/Nueva York;1.00;
10274;100;Aprobado (Virtual);19/5/2020 09:00:00 Am‚rica/Nueva York;1.50;
10275;100;Aprobado (Virtual);6/5/2020 09:00:00 Am‚rica/Nueva York;1.50;
10276;100;Aprobado (Virtual);24/9/2020 17:28:54 Am‚rica/Nueva York;2.00;
10277;100;Aprobado (Virtual);5/11/2020 16:49:59 Am‚rica/Nueva York;2.00;
10278;100;Aprobado (Pres);20/9/2021 16:19:21 Am‚rica/Nueva York;1.50;
10279;100;Aprobado (Pres);15/12/2021 11:01:34 Am‚rica/Nueva York;1.50;
10280;100;Aprobado (Pres);30/11/2021 16:00:13 Am‚rica/Nueva York;2.00;
10281;100;Aprobado (Virtual);28/7/2022 13:00:00 Am‚rica/Nueva York;1.00;
10282;80;Aprobado (Virtual);12/12/2022 06:47:26 Am‚rica/Nueva York;0.50;
10283;;Aprobado (Virtual);12/12/2022 06:48:55 Am‚rica/Nueva York;0.80;
10284;86;Aprobado (Virtual);12/12/2022 08:23:29 Am‚rica/Nueva York;0.50;
10285;100;Aprobado (Virtual);29/12/2022 14:17:27 Am‚rica/Nueva York;0.50;
10286;100;Aprobado (Virtual);29/12/2022 14:19:42 Am‚rica/Nueva York;0.50;
10287;100;Aprobado (Virtual);29/12/2022 15:36:36 Am‚rica/Nueva York;1.00;
10288;80;Aprobado (Virtual);29/12/2022 16:07:41 Am‚rica/Nueva York;0.50;
10289;83;Aprobado (Virtual);30/12/2022 08:26:07 Am‚rica/Nueva York;0.50;
10290;100;Aprobado (Virtual);30/12/2022 08:29:10 Am‚rica/Nueva York;0.50;
10291;;Aprobado (Virtual);30/12/2022 08:30:25 Am‚rica/Nueva York;0.26;
10292;100;Aprobado (Virtual);4/1/2023 08:00:41 Am‚rica/Nueva York;0.50;
10293;;Aprobado (Virtual);4/1/2023 08:06:53 Am‚rica/Nueva York;0.08;
10294;100;Aprobado (Virtual);10/12/2021 14:50:29 Am‚rica/Nueva York;0.66;
10295;100;Aprobado (Virtual);20/7/2020 23:21:45 Am‚rica/Nueva York;2.00;
10296;100;Aprobado (Virtual);1/10/2019 18:46:08 Am‚rica/Nueva York;0.50;
10297;100;Aprobado (Virtual);7/10/2019 12:57:45 Am‚rica/Nueva York;0.75;
10298;100;Aprobado (Virtual);7/10/2019 12:03:39 Am‚rica/Nueva York;1.00;
10299;100;Aprobado (Virtual);12/12/2019 18:08:26 Am‚rica/Nueva York;2.00;
10300;100;Aprobado (Virtual);11/9/2021 17:09:06 Am‚rica/Nueva York;0.30;
10301;100;Aprobado (Virtual);7/10/2019 10:24:56 Am‚rica/Nueva York;1.50;
10302;100;Aprobado (Virtual);7/10/2019 15:35:39 Am‚rica/Nueva York;1.00;
10303;100;Aprobado (Virtual);20/5/2020 12:48:16 Am‚rica/Nueva York;2.00;
10304;100;Aprobado (Virtual);7/10/2019 12:40:57 Am‚rica/Nueva York;1.00;
10305;100;Aprobado (Virtual);22/9/2020 11:36:00 Am‚rica/Nueva York;1.00;
10306;100;Aprobado (Pres);15/10/2021 13:00:00 Am‚rica/Nueva York;51.00;
10307;100;Aprobado (Pres);15/10/2021 13:00:00 Am‚rica/Nueva York;97.50;
10308;100;Aprobado (Pres);28/5/2021 13:00:00 Am‚rica/Nueva York;46.50;
10309;100;Aprobado (Pres);28/5/2021 13:00:00 Am‚rica/Nueva York;79.50;
10310;100;Aprobado (Pres);23/10/2019 16:50:00 Am‚rica/Nueva York;2.00;
10311;100;Aprobado (Pres);17/12/2019 15:50:00 Am‚rica/Nueva York;8.00;
10312;88;Aprobado (Virtual);1/10/2019 18:41:11 Am‚rica/Nueva York;0.75;
10313;;Aprobado (Virtual);9/7/2019 14:21:23 Am‚rica/Nueva York;0.30;
10314;;Aprobado (Virtual);1/10/2019 18:43:29 Am‚rica/Nueva York;0.50;
10315;;Aprobado (Virtual);1/10/2019 18:44:15 Am‚rica/Nueva York;0.50;
10316;;Aprobado (Virtual);1/10/2019 18:44:41 Am‚rica/Nueva York;0.50;
10317;;Aprobado (Virtual);7/7/2020 09:11:57 Am‚rica/Nueva York;0.50;
10318;;Aprobado (Virtual);2/7/2021 15:28:28 Am‚rica/Nueva York;0.80;
10319;91;Aprobado (Virtual);15/7/2020 10:06:13 Am‚rica/Nueva York;0.50;
10320;;Aprobado (Virtual);20/7/2020 23:01:07 Am‚rica/Nueva York;0.50;
10321;80;Aprobado (Virtual);10/12/2021 11:00:48 Am‚rica/Nueva York;0.50;
10322;75;Aprobado (Virtual);1/10/2019 19:14:49 Am‚rica/Nueva York;1.50;
10323;88;Aprobado (Virtual);29/12/2020 17:10:16 Am‚rica/Nueva York;1.00;
10324;83;Aprobado (Virtual);13/12/2021 17:56:41 Am‚rica/Nueva York;0.50;
10325;;Aprobado (Virtual);20/7/2020 22:54:21 Am‚rica/Nueva York;0.50;
10326;80;Aprobado (Virtual);23/11/2020 15:40:17 Am‚rica/Nueva York;0.33;
10327;;Aprobado (Virtual);1/10/2019 19:17:07 Am‚rica/Nueva York;0.50;
10328;95;Aprobado (Virtual);10/7/2019 23:35:53 Am‚rica/Nueva York;1.00;
10329;86;Aprobado (Virtual);11/4/2022 09:26:39 Am‚rica/Nueva York;0.50;
10330;100;Aprobado (Virtual);22/4/2021 12:00:00 Am‚rica/Nueva York;1.00;
10331;100;Aprobado (Pres);23/3/2022 11:20:21 Am‚rica/Nueva York;8.00;
10332;100;Aprobado (Pres);4/10/2021 16:37:04 Am‚rica/Nueva York;2.00;
10333;100;Aprobado (Virtual);16/9/2020 23:49:00 Am‚rica/Nueva York;3.00;
10334;100;Aprobado (Virtual);18/9/2020 23:58:00 Am‚rica/Nueva York;3.00;
10335;100;Aprobado (Virtual);23/9/2020 21:04:00 Am‚rica/Nueva York;3.00;
10336;100;Aprobado (Virtual);30/9/2020 21:14:00 Am‚rica/Nueva York;3.00;
10337;100;Aprobado (Virtual);14/10/2020 20:55:00 Am‚rica/Nueva York;3.00;
10338;100;Aprobado (Virtual);16/10/2020 21:02:00 Am‚rica/Nueva York;3.00;
10339;100;Aprobado (Virtual);21/10/2020 21:59:00 Am‚rica/Nueva York;3.00;
10340;100;Aprobado (Pres);30/11/2021 16:24:11 Am‚rica/Nueva York;48.00;
10341;100;Aprobado (Virtual);27/5/2021 18:42:50 Am‚rica/Nueva York;1.00;
10342;0;Aprobado (Virtual);1/9/2020 15:08:03 Am‚rica/Nueva York;75.00;
10343;100;Aprobado (Virtual);4/8/2020 17:00:00 Am‚rica/Nueva York;2.00;
10344;100;Aprobado (Virtual);6/10/2020 17:00:00 Am‚rica/Nueva York;2.00;
10345;100;Aprobado (Virtual);17/11/2020 17:00:00 Am‚rica/Nueva York;2.00;
10346;100;Aprobado (Virtual);24/3/2021 17:00:00 Am‚rica/Nueva York;1.00;
10347;100;Aprobado (Virtual);5/8/2021 11:00:00 Am‚rica/Nueva York;1.00;
10348;100;Aprobado (Pres);11/3/2022 13:46:22 Am‚rica/Nueva York;32.00;
10349;100;Aprobado (Pres);31/3/2022 11:32:23 Am‚rica/Nueva York;8.00;
10350;100;Aprobado (Pres);11/4/2022 16:08:02 Am‚rica/Nueva York;8.00;
10351;100;Aprobado (Virtual);4/11/2021 06:50:41 Am‚rica/Nueva York;1.00;
10352;100;Aprobado (Virtual);24/9/2020 09:00:00 Am‚rica/Nueva York;1.00;
10353;100;Aprobado (Virtual);13/7/2021 10:30:00 Am‚rica/Nueva York;1.50;
10354;100;Aprobado (Virtual);24/9/2020 13:00:00 Am‚rica/Nueva York;1.00;
10355;;Aprobado (Virtual);22/9/2020 10:32:42 Am‚rica/Nueva York;0.75;
10356;100;Aprobado (Pres);11/5/2022 11:00:00 Am‚rica/Nueva York;2.00;
10357;100;Aprobado (Pres);30/4/2022 12:00:00 Am‚rica/Nueva York;13.50;
10358;100;Aprobado (Pres);30/4/2022 13:00:00 Am‚rica/Nueva York;4.50;
10359;100;Aprobado (Pres);30/4/2022 13:00:00 Am‚rica/Nueva York;13.50;
10360;100;Aprobado (Pres);30/5/2022 13:00:00 Am‚rica/Nueva York;4.50;
10361;100;Aprobado (Pres);30/6/2022 13:00:00 Am‚rica/Nueva York;13.50;
10362;100;Aprobado (Pres);30/6/2022 14:00:00 Am‚rica/Nueva York;4.50;
10363;100;Aprobado (Virtual);29/8/2022 18:47:51 Am‚rica/Nueva York;0.50;
10364;;Aprobado (Virtual);30/8/2022 17:11:12 Am‚rica/Nueva York;0.50;
10365;80;Aprobado (Virtual);31/8/2022 21:56:08 Am‚rica/Nueva York;1.00;
10366;100;Aprobado (Virtual);3/9/2022 00:04:44 Am‚rica/Nueva York;0.50;
10367;100;Aprobado (Virtual);26/12/2022 07:25:52 Am‚rica/Nueva York;0.50;
10368;;Aprobado (Virtual);26/12/2022 08:38:50 Am‚rica/Nueva York;0.26;
10369;100;Aprobado (Virtual);26/12/2022 22:45:05 Am‚rica/Nueva York;1.00;
10370;80;Aprobado (Virtual);27/12/2022 22:52:24 Am‚rica/Nueva York;0.50;
10371;100;Aprobado (Virtual);26/6/2020 12:00:00 Am‚rica/Nueva York;3.00;
10372;100;Aprobado (Virtual);19/6/2020 12:00:00 Am‚rica/Nueva York;3.00;
10373;100;Aprobado (Virtual);5/8/2021 13:00:00 Am‚rica/Nueva York;1.50;
10374;100;Aprobado (Virtual);12/8/2021 13:00:00 Am‚rica/Nueva York;1.50;
10375;100;Aprobado (Virtual);28/6/2021 13:00:00 Am‚rica/Nueva York;2.00;
10376;100;Aprobado (Virtual);15/5/2020 12:00:00 Am‚rica/Nueva York;3.00;
10377;100;Aprobado (Virtual);28/5/2020 12:00:00 Am‚rica/Nueva York;3.00;
10378;100;Aprobado (Virtual);29/5/2020 12:00:00 Am‚rica/Nueva York;3.00;
10379;100;Aprobado (Virtual);26/3/2020 12:00:00 Am‚rica/Nueva York;3.00;
10380;100;Aprobado (Virtual);19/3/2020 12:00:00 Am‚rica/Nueva York;4.00;
10381;100;Aprobado (Virtual);27/12/2021 14:35:26 Am‚rica/Nueva York;0.66;
10382;100;Aprobado (Virtual);31/7/2020 11:20:42 Am‚rica/Nueva York;2.00;
10383;100;Aprobado (Virtual);4/12/2020 09:20:15 Am‚rica/Nueva York;0.33;
10384;100;Aprobado (Virtual);8/12/2019 10:43:54 Am‚rica/Nueva York;0.75;
10385;100;Aprobado (Virtual);13/12/2019 13:34:06 Am‚rica/Nueva York;2.00;
10386;100;Aprobado (Virtual);13/10/2021 16:56:34 Am‚rica/Nueva York;0.30;
10387;100;Aprobado (Virtual);9/12/2019 19:48:05 Am‚rica/Nueva York;1.50;
10388;100;Aprobado (Virtual);13/12/2019 15:54:00 Am‚rica/Nueva York;1.00;
10389;100;Aprobado (Virtual);28/12/2020 10:35:18 Am‚rica/Nueva York;1.00;
10390;100;Aprobado (Virtual);9/10/2021 19:31:28 Am‚rica/Nueva York;0.50;
10391;100;Aprobado (Virtual);28/6/2021 12:18:20 Am‚rica/Nueva York;0.25;
10392;100;Aprobado (Pres);13/2/2020 12:00:00 Am‚rica/Nueva York;4.00;
10393;100;Aprobado (Pres);28/2/2020 12:00:00 Am‚rica/Nueva York;8.00;
10394;63;No Aprobado (Virtual);30/12/2020 09:44:02 Am‚rica/Nueva York;0.75;
10395;88;Aprobado (Virtual);30/12/2020 10:21:57 Am‚rica/Nueva York;0.75;
10396;;Aprobado (Virtual);12/12/2019 17:05:52 Am‚rica/Nueva York;0.30;
10397;;Aprobado (Virtual);9/7/2020 11:36:37 Am‚rica/Nueva York;0.50;
10398;;Aprobado (Virtual);23/8/2021 10:07:33 Am‚rica/Nueva York;0.80;
